{
  "featured": [
    {
      "id": 1,
      "title": "The Gold Rush",
      "year": 1925,
      "director": "Charlie Chaplin",
      "duration": "95 min",
      "genre": ["Comedy", "Drama", "Adventure"],
      "rating": 8.2,
      "description": "A lone prospector ventures into Alaska looking for gold. He gets mixed up with some burly characters and falls in love with the beautiful Georgia. A classic comedy masterpiece featuring Chaplin's iconic Little Tramp character.",
      "poster": "/images/gold-rush-poster.jpg",
      "backdrop": "/images/theater-bg.jpg",
      "cast": ["Charlie Chaplin", "Mack Swain", "Tom Murray", "Henry Bergman"],
      "featured": true,
      "trending": true,
      "publicDomain": true,
      "embedUrl": "https://archive.org/embed/CC_1925_TheGoldRush_CharlieChaplin"
    },
    {
      "id": 2,
      "title": "The General",
      "year": 1926,
      "director": "Clyde Bruckman, Buster Keaton",
      "duration": "67 min",
      "genre": ["Comedy", "Action", "War"],
      "rating": 8.3,
      "description": "When Union spies steal an engineer's beloved locomotive, he pursues it single-handedly and straight through enemy lines. Considered one of the greatest films ever made, showcasing Keaton's incredible physical comedy and stunts.",
      "poster": "/images/the-general-poster.jpg",
      "backdrop": "/images/cinema-reel.jpg",
      "cast": ["Buster Keaton", "Marion Mack", "Glen Cavender", "Jim Farley"],
      "featured": true,
      "trending": true,
      "publicDomain": true,
      "embedUrl": "https://archive.org/embed/the_general_1926"
    },
    {
      "id": 3,
      "title": "The Kid",
      "year": 1921,
      "director": "Charlie Chaplin",
      "duration": "68 min",
      "genre": ["Comedy", "Drama", "Family"],
      "rating": 8.3,
      "description": "The Tramp cares for a child after its mother abandons it. Later the mother becomes a successful woman, but loneliness and sadness result in a reunion with her son. Chaplin's first full-length feature as a director.",
      "poster": "/images/the-kid-poster.jpeg",
      "backdrop": "/images/vintage-collection.jpg",
      "cast": ["Charlie Chaplin", "Jackie Coogan", "Edna Purviance", "Carl Miller"],
      "featured": true,
      "popular": true,
      "publicDomain": true,
      "embedUrl": "https://archive.org/embed/CharlieChaplin-TheKid1921"
    }
  ],
  "movies": [
    {
      "id": 4,
      "title": "Sherlock Jr.",
      "year": 1924,
      "director": "Buster Keaton",
      "duration": "45 min",
      "genre": ["Comedy", "Romance", "Mystery"],
      "rating": 8.2,
      "description": "A film projectionist longs to be a detective, and puts his meagre skills to work when he is framed by a rival for stealing his girlfriend's father's pocketwatch. A surreal comedy that plays with the nature of cinema itself.",
      "poster": "/images/sherlock-jr-poster.jpg",
      "backdrop": "/images/theater-bg.jpg",
      "cast": ["Buster Keaton", "Kathryn McGuire", "Joe Keaton", "Erwin Connelly"],
      "trending": true,
      "publicDomain": true,
      "embedUrl": "https://archive.org/embed/SherlockJr"
    },
    {
      "id": 5,
      "title": "Safety Last!",
      "year": 1923,
      "director": "Fred C. Newmeyer, Sam Taylor",
      "duration": "70 min",
      "genre": ["Comedy", "Romance", "Thriller"],
      "rating": 8.1,
      "description": "A boy leaves his small country town and heads to the big city to get a job. As soon as he makes it big his sweetheart will join him and marry him. Famous for its iconic clock tower climbing sequence.",
      "poster": "/images/safety-last-poster.jpg",
      "backdrop": "/images/cinema-reel.jpg",
      "cast": ["Harold Lloyd", "Mildred Davis", "Bill Strother", "Noah Young"],
      "popular": true,
      "publicDomain": true,
      "embedUrl": "https://archive.org/embed/SafetyLast"
    },
    {
      "id": 6,
      "title": "One Week",
      "year": 1920,
      "director": "Edward F. Cline, Buster Keaton",
      "duration": "19 min",
      "genre": ["Comedy", "Short"],
      "rating": 7.9,
      "description": "Newlywed couple Buster and his wife try to build their dream house with a prefabricated kit, but a rival has mixed up the instructions. A brilliant short comedy showcasing Keaton's engineering genius.",
      "poster": "/images/the-general-poster.jpg",
      "backdrop": "/images/vintage-collection.jpg",
      "cast": ["Buster Keaton", "Sybil Seely", "Joe Roberts"],
      "trending": true,
      "publicDomain": true,
      "embedUrl": "https://archive.org/embed/OneWeek1920"
    },
    {
      "id": 7,
      "title": "The Tramp",
      "year": 1915,
      "director": "Charlie Chaplin",
      "duration": "26 min",
      "genre": ["Comedy", "Short", "Romance"],
      "rating": 7.0,
      "description": "Charlie, the emotional hero, falls in love with Edna, the farmer's daughter. He helps save her from bandits and wins her heart, but realizes she loves another. One of Chaplin's earliest masterpieces.",
      "poster": "/images/gold-rush-poster.jpg",
      "backdrop": "/images/theater-bg.jpg",
      "cast": ["Charlie Chaplin", "Edna Purviance", "Fred Goodwins", "Paddy McGuire"],
      "popular": true,
      "publicDomain": true,
      "embedUrl": "https://archive.org/embed/CharlieChaplin-TheTramp1915"
    },
    {
      "id": 8,
      "title": "The Navigator",
      "year": 1924,
      "director": "Donald Crisp, Buster Keaton",
      "duration": "59 min",
      "genre": ["Comedy", "Action", "Romance"],
      "rating": 7.7,
      "description": "Rollo decides to marry his sweetheart Betsy and sail to Honolulu. When she rejects him he decides to go alone but winds up on a ship that's been abandoned and set adrift. A masterclass in physical comedy on the high seas.",
      "poster": "/images/sherlock-jr-poster.jpg",
      "backdrop": "/images/cinema-reel.jpg",
      "cast": ["Buster Keaton", "Kathryn McGuire", "Frederick Vroom", "Clarence Burton"],
      "trending": true,
      "publicDomain": true,
      "embedUrl": "https://archive.org/embed/TheNavigator1924"
    },
    {
      "id": 9,
      "title": "Neighbors",
      "year": 1920,
      "director": "Edward F. Cline, Buster Keaton",
      "duration": "18 min",
      "genre": ["Comedy", "Short", "Romance"],
      "rating": 7.6,
      "description": "Buster and his sweetheart live next door but their families are feuding. They try to elope but face numerous obstacles in this charming romantic comedy short.",
      "poster": "/images/the-general-poster.jpg",
      "backdrop": "/images/vintage-collection.jpg",
      "cast": ["Buster Keaton", "Virginia Fox", "Joe Keaton", "Joe Roberts"],
      "popular": true,
      "publicDomain": true,
      "embedUrl": "https://archive.org/embed/Neighbors1920"
    },
    {
      "id": 10,
      "title": "The Count",
      "year": 1916,
      "director": "Charlie Chaplin",
      "duration": "24 min",
      "genre": ["Comedy", "Short"],
      "rating": 7.2,
      "description": "Charlie burns a count's trousers while ironing them and is fired. The tailor finds an invitation to dinner at Miss Moneybags' and goes in place of the count. Hilarious mistaken identity comedy.",
      "poster": "/images/gold-rush-poster.jpg",
      "backdrop": "/images/theater-bg.jpg",
      "cast": ["Charlie Chaplin", "Edna Purviance", "Eric Campbell", "Leo White"],
      "trending": true,
      "publicDomain": true,
      "embedUrl": "https://archive.org/embed/CharlieChaplin-TheCount1916"
    }
  ],
  "genres": [
    {
      "name": "Comedy",
      "description": "Classic comedic masterpieces from the golden age of cinema"
    },
    {
      "name": "Drama",
      "description": "Timeless dramatic stories that have shaped cinema"
    },
    {
      "name": "Romance",
      "description": "Beautiful love stories from cinema's early years"
    },
    {
      "name": "Action",
      "description": "Thrilling adventures and spectacular stunts"
    },
    {
      "name": "Short",
      "description": "Brilliant short films that pack a punch"
    },
    {
      "name": "Silent",
      "description": "The art of storytelling without words"
    }
  ]
}